{
  "class_name": "Sequential",
  "config": {
    "name": "sequential_1",
    "layers": [
      {
        "class_name": "Dense",
        "config": {
          "units": 64,
          "activation": "relu",
          "use_bias": true,
          "kernel_initializer": {
            "class_name": "VarianceScaling",
            "config": {
              "scale": 1,
              "mode": "fan_avg",
              "distribution": "normal",
              "seed": null
            }
          },
          "bias_initializer": {
            "class_name": "Zeros",
            "config": {}
          },
          "kernel_regularizer": null,
          "bias_regularizer": null,
          "activity_regularizer": null,
          "kernel_constraint": null,
          "bias_constraint": null,
          "name": "dense_Dense1",
          "trainable": true,
          "batch_input_shape": [
            null,
            2
          ],
          "dtype": "float32"
        }
      },
      {
        "class_name": "Dense",
        "config": {
          "units": 32,
          "activation": "relu",
          "use_bias": true,
          "kernel_initializer": {
            "class_name": "VarianceScaling",
            "config": {
              "scale": 1,
              "mode": "fan_avg",
              "distribution": "normal",
              "seed": null
            }
          },
          "bias_initializer": {
            "class_name": "Zeros",
            "config": {}
          },
          "kernel_regularizer": null,
          "bias_regularizer": null,
          "activity_regularizer": null,
          "kernel_constraint": null,
          "bias_constraint": null,
          "name": "dense_Dense2",
          "trainable": true
        }
      },
      {
        "class_name": "Dense",
        "config": {
          "units": 1,
          "activation": "linear",
          "use_bias": true,
          "kernel_initializer": {
            "class_name": "VarianceScaling",
            "config": {
              "scale": 1,
              "mode": "fan_avg",
              "distribution": "normal",
              "seed": null
            }
          },
          "bias_initializer": {
            "class_name": "Zeros",
            "config": {}
          },
          "kernel_regularizer": null,
          "bias_regularizer": null,
          "activity_regularizer": null,
          "kernel_constraint": null,
          "bias_constraint": null,
          "name": "dense_Dense3",
          "trainable": true
        }
      }
    ]
  },
  "keras_version": "tfjs-layers 4.22.0",
  "backend": "tensor_flow.js"
}